{"cameraMode":{"drawMode":0,"name":"Shaded","section":"Shading Mode"},"sceneLighting":true,"audioPlay":false,"sceneViewState":{"showFog":true,"showMaterialUpdate":false,"showSkybox":true,"showFlares":true,"showImageEffects":true,"showParticleSystems":true},"in2DMode":false,"pivot":{"x":16.80995750427246,"y":12.425976753234864,"z":7.320509433746338},"rotation":{"x":-0.4168338179588318,"y":-0.05530374497175217,"z":0.02541758306324482,"w":-0.90694659948349},"size":4.1943864822387699,"orthographic":false}