{"cameraMode":{"drawMode":0,"name":"Shaded","section":"Shading Mode"},"sceneLighting":true,"audioPlay":false,"sceneViewState":{"showFog":true,"showMaterialUpdate":false,"showSkybox":true,"showFlares":true,"showImageEffects":true,"showParticleSystems":true},"in2DMode":false,"pivot":{"x":-37.29793167114258,"y":-42.46080017089844,"z":-2.393024444580078},"rotation":{"x":-0.2026679813861847,"y":0.7506075501441956,"z":-0.26722943782806399,"w":-0.5693381428718567},"size":74.56285858154297,"orthographic":false}