{"cameraMode":{"drawMode":0,"name":"Shaded","section":"Shading Mode"},"sceneLighting":true,"audioPlay":false,"sceneViewState":{"showFog":true,"showMaterialUpdate":false,"showSkybox":true,"showFlares":true,"showImageEffects":true,"showParticleSystems":true},"in2DMode":false,"pivot":{"x":-1.8774462938308716,"y":-1.6525161266326905,"z":-9.980400085449219},"rotation":{"x":0.009969299659132958,"y":-0.9767037630081177,"z":0.04664051905274391,"w":0.20940889418125153},"size":36.55957794189453,"orthographic":false}