{"cameraMode":{"drawMode":0,"name":"Shaded","section":"Shading Mode"},"sceneLighting":true,"audioPlay":false,"sceneViewState":{"showFog":true,"showMaterialUpdate":false,"showSkybox":true,"showFlares":true,"showImageEffects":true,"showParticleSystems":true},"in2DMode":false,"pivot":{"x":33.69708251953125,"y":9.153450012207032,"z":13.503217697143555},"rotation":{"x":0.285776287317276,"y":-0.24708080291748048,"z":0.0764392614364624,"w":0.9227910041809082},"size":5.117125988006592,"orthographic":false}