{"cameraMode":{"drawMode":0,"name":"Shaded","section":"Shading Mode"},"sceneLighting":true,"audioPlay":false,"sceneViewState":{"showFog":true,"showMaterialUpdate":false,"showSkybox":true,"showFlares":true,"showImageEffects":true,"showParticleSystems":true},"in2DMode":false,"pivot":{"x":18.24374008178711,"y":16.925416946411134,"z":0.33738377690315249},"rotation":{"x":0.24554789066314698,"y":0.4902237057685852,"z":-0.14618739485740663,"w":0.8234183192253113},"size":9.510492324829102,"orthographic":false}