{"cameraMode":{"drawMode":0,"name":"Shaded","section":"Shading Mode"},"sceneLighting":true,"audioPlay":false,"sceneViewState":{"showFog":true,"showMaterialUpdate":false,"showSkybox":true,"showFlares":true,"showImageEffects":true,"showParticleSystems":true},"in2DMode":false,"pivot":{"x":126.83932495117188,"y":-86.00410461425781,"z":151.6748809814453},"rotation":{"x":-0.2903452515602112,"y":-0.1054077073931694,"z":0.03212391957640648,"w":-0.95065838098526},"size":164.1785430908203,"orthographic":false}