{"cameraMode":{"drawMode":0,"name":"Shaded","section":"Shading Mode"},"sceneLighting":true,"audioPlay":false,"sceneViewState":{"showFog":true,"showMaterialUpdate":false,"showSkybox":true,"showFlares":true,"showImageEffects":true,"showParticleSystems":true},"in2DMode":false,"pivot":{"x":9.169791221618653,"y":-1.4413141012191773,"z":20.451393127441408},"rotation":{"x":-0.10613248497247696,"y":0.6094141006469727,"z":-0.08278918266296387,"w":-0.7813716530799866},"size":7.833053112030029,"orthographic":false}