{"cameraMode":{"drawMode":0,"name":"Shaded","section":"Shading Mode"},"sceneLighting":true,"audioPlay":false,"sceneViewState":{"showFog":true,"showMaterialUpdate":false,"showSkybox":true,"showFlares":true,"showImageEffects":true,"showParticleSystems":true},"in2DMode":false,"pivot":{"x":68.94068145751953,"y":-30.35327911376953,"z":61.21295166015625},"rotation":{"x":-0.28139862418174746,"y":0.13428518176078797,"z":-0.04120377451181412,"w":-0.9495139718055725},"size":68.6760482788086,"orthographic":false}