{"cameraMode":{"drawMode":0,"name":"Shaded","section":"Shading Mode"},"sceneLighting":true,"audioPlay":false,"sceneViewState":{"showFog":true,"showMaterialUpdate":false,"showSkybox":true,"showFlares":true,"showImageEffects":true,"showParticleSystems":true},"in2DMode":false,"pivot":{"x":473.4656982421875,"y":215.41885375976563,"z":-82.12271118164063},"rotation":{"x":0.1670161485671997,"y":0.292371541261673,"z":-0.05193786695599556,"w":0.9401752352714539},"size":630.0360107421875,"orthographic":false}