{"cameraMode":{"drawMode":0,"name":"Shaded","section":"Shading Mode"},"sceneLighting":true,"audioPlay":false,"sceneViewState":{"showFog":true,"showMaterialUpdate":false,"showSkybox":true,"showFlares":true,"showImageEffects":true,"showParticleSystems":true},"in2DMode":false,"pivot":{"x":57.430904388427737,"y":8.208295822143555,"z":19.21239471435547},"rotation":{"x":-0.010927627794444561,"y":0.9018160104751587,"z":-0.02437281422317028,"w":-0.43166303634643557},"size":22.0,"orthographic":false}