{"cameraMode":{"drawMode":0,"name":"Shaded","section":"Shading Mode"},"sceneLighting":true,"audioPlay":false,"sceneViewState":{"showFog":true,"showMaterialUpdate":false,"showSkybox":true,"showFlares":true,"showImageEffects":true,"showParticleSystems":true},"in2DMode":false,"pivot":{"x":86.36758422851563,"y":0.6306002140045166,"z":28.28948974609375},"rotation":{"x":0.13093268871307374,"y":0.6660259366035461,"z":-0.12036851048469544,"w":0.724453330039978},"size":6.743017196655273,"orthographic":false}